"...1","year","period","predicted_abundance","arma","aicc","Lo 50","Hi 50","Lo 95","Hi 95","model","abundance","error","APE","MAPE","rank"
1,1993,1,32835.7989531653,"0000200",-22.2803883550577,28588.7028988715,37713.8374100649,21955.9270685347,49106.9991955776,"1",223.3,-32612.4989531653,146.047912911622,NA,1
8,1994,1,5864.91641027165,"1000200",-33.498004581756,4509.0878334824,7628.42636243536,2732.07225081116,12590.166489653,"1",214.1,-5650.81641027165,26.3933508186439,NA,1
15,1995,1,13509.9788017694,"0000200",29.0962450312928,11144.3924770738,16377.7009468877,7722.01946466624,23636.242832515,"1",139.4,-13370.5788017694,95.9151994388049,NA,1
23,1996,1,13095.0981132279,"0000200",15.9275569249943,11067.9765074352,15493.4910170679,8032.74833862734,21347.8111557979,"1",176.5,-12918.5981132279,73.1931904432176,NA,1
32,1997,1,12448.178998941,"0000200",10.6433450626823,10693.4696193324,14490.8215860578,8004.92311623137,19357.7325028235,"1",195.6,-12252.578998941,62.6409969271012,NA,1
41,1998,1,13905.2511415633,"0000200",9.38584596077078,11848.7035340081,16318.7481866669,8733.7190216695,22139.0233450614,"1",228.3,-13676.9511415633,59.9078017589282,NA,1
50,1999,1,14032.595257776,"0000200",7.07383696953892,12072.4686892399,16310.974560163,9062.84192760963,21727.591768832,"1",372.5,-13660.095257776,36.6713966651705,NA,1
59,2000,1,14728.3588535222,"0000200",8.86757741052489,12395.688794476,17500.0000495977,8923.88174706035,24308.317912167,"1",673.1,-14055.2588535222,20.8813829349609,NA,1
68,2001,1,25054.8314197366,"0000210",7.66394594813082,20726.3008968981,30287.3426664076,14439.0221794271,43475.5601640284,"1",1478.7,-23576.1314197366,15.9438232364486,NA,1
80,2002,1,55517.3162305278,"0000210",10.0985973069338,44957.4897362914,68557.4844040364,30072.9574540579,102489.833470786,"1",689.5,-54827.8162305278,79.5182251349207,NA,1
92,2003,1,68634.6923910843,"0000210",11.8114633160505,54899.5113179456,85806.2464770779,35871.419647698,131322.402232304,"1",1009.9,-67624.7923910843,66.9618698792794,NA,1
104,2004,1,99697.6804599317,"0000210",11.5187103294437,80280.7978876868,123810.771076244,53127.8482726053,187088.839700212,"1",693.6,-99004.0804599317,142.73944702989,NA,1
116,2005,1,64601.0286240298,"0000210",12.580125395034,51775.4924559258,80603.635066055,33958.1003319144,122895.358058666,"1",454,-64147.0286240298,141.293014590374,NA,1
129,2006,1,43666.3408640919,"0000210",12.0407015829145,35267.0361550995,54066.0495561193,23471.9193462819,81235.3389737213,"1",523.4,-43142.9408640919,82.4282400918837,NA,1
143,2007,1,77430.229561443,"0000210",14.1191513079168,61848.8443800167,96936.9841916541,40305.1953944067,148751.057804567,"1",545.3,-76884.929561443,140.995652964319,NA,1
157,2008,1,45906.9201829816,"0000210",18.4043677190098,35731.4156557488,58980.1798224464,22163.6271453736,95085.759513264,"1",576.9,-45330.0201829816,78.5751779909544,7943.54336550376,5
171,2009,1,50742.1117841575,"0000210",18.351762107528,39727.7618700252,64810.142507892,24920.1862602187,103320.331615103,"1",1051,-49691.1117841575,47.2798399468673,7493.72513269931,3
185,2010,1,70629.1021484774,"0000210",18.0571293085101,55670.1716004546,89607.5928434775,35369.756840651,141037.725896004,"1",546.5,-70082.6021484774,128.238979228687,7632.96839355413,4
199,2011,1,62653.986262352,"0000210",17.6920184134148,49697.3307017533,78988.5883030836,31957.6652568993,122835.068300727,"1",454.2,-62199.786262352,136.943606918432,7848.46025882001,7
213,2012,1,101469.21602217,"0000210",17.8318655288291,80716.7019320888,127557.265766587,52188.8453241928,197283.571540929,"1",183.1,-101286.11602217,553.173763092135,8273.46303532145,6
227,2013,1,48109.7348040415,"0000210",19.8202372577362,37999.1682605787,60910.4538037051,24238.356088009,95491.0710326691,"1",335.1,-47774.6348040415,142.568292462076,11543.6814764217,9
241,2014,1,71885.6161739173,"0000210",20.3104787069568,56841.2353811094,90911.8490837929,36333.5732760437,142224.982207047,"1",1316.5,-70569.1161739173,53.603582357704,12094.7514144427,8
255,2015,1,72936.7070855759,"1000200",25.7413390653148,57842.1412077151,91970.3719366728,37181.0936872462,143077.104865043,"1",268.9,-72667.8070855759,270.241008127839,12207.6326523929,8
269,2016,1,107188.349814216,"1000200",27.9640411505097,84450.4266574172,136048.363408541,53611.6928816834,214306.650626584,"1",247.7,-106940.649814216,431.734557182947,13870.0301536787,9
283,2017,1,76931.539115836,"1000200",27.7156413310909,60832.1709795227,97291.6405157341,38885.8857321234,152200.768975726,"1",291.8,-76639.739115836,262.644753652625,16641.9683799887,8
297,2018,1,62242.4108501064,"1000200",27.3554991674979,49414.6705457758,78400.1525385989,31829.6532907198,121714.103293829,"1",182.8,-62059.6108501064,339.494588895549,17862.8119034401,4
311,2019,1,36056.2277029208,"1000200",28.2474521480383,28582.1105285276,45484.7991322162,18357.8167910989,70817.3292586312,"1",340.7,-35715.5277029208,104.829843565955,19679.6966968819,4
325,2020,1,38632.6416477716,"1000200",27.7768326363835,30755.5517484557,48527.2061737627,19915.2524512146,74941.6059043787,"1",387.7,-38244.9416477716,98.6457096924725,19426.9660071223,2
339,2021,1,69087.921346687,"0000210",25.3890162655453,54599.974164941,87420.2039287937,34865.5413632106,136901.384271708,"1",841.3,-68246.621346687,81.1204342644562,19142.6506411363,2
353,2022,1,57652.0560653035,"0000210",25.3872879780592,45685.9564969389,72752.3252967158,29324.5288542992,113344.005800441,"1",696,-56956.0560653035,81.8334138869303,19133.9319356201,2
367,2023,1,71722.4453796977,"0000210",25.8714471707552,56879.3660540822,90438.9329225747,36562.4516610114,140693.770180876,"1",NA,NA,NA,18739.5170084375,2
16,1995,1,15043.1730108407,"0000200",29.0757416358311,12414.0191335707,18229.1530083211,8608.21768099721,26288.4911395352,"2",139.4,-14903.7730108407,106.913723176763,NA,2
24,1996,1,13052.778336905,"0000200",16.090068017675,11006.9387207475,15478.8744295658,7953.61334055715,21421.0843571687,"2",176.5,-12876.278336905,72.9534183394051,NA,2
33,1997,1,12841.8808489701,"0000200",10.7644234330402,11017.1253118327,14968.8688356864,8226.4877461488,20046.6965767193,"2",195.6,-12646.2808489701,64.6537875714218,NA,2
42,1998,1,13824.9739788746,"0000200",9.38218481286005,11780.7305206772,16223.9434287282,8684.22192693971,22008.8693177735,"2",228.3,-13596.6739788746,59.5561716113649,NA,2
51,1999,1,14123.5124435026,"0000200",7.08354061975932,12149.7004565629,16417.9853202902,9119.40988594841,21873.5210102937,"2",372.5,-13751.0124435026,36.9154696469868,NA,2
60,2000,1,15389.1748869387,"0000200",8.45992514790878,12996.9820030482,18221.6689724771,9419.00780771761,25143.4873540224,"2",673.1,-14716.0748869387,21.8631330960313,NA,2
69,2001,1,15514.3534509406,"0000200",9.09059374519589,12988.7613361772,18531.0328499387,9257.66063991793,25999.5664523351,"2",1478.7,-14035.6534509406,9.49188709741029,NA,2
81,2002,1,17673.6573040841,"0000200",21.5510149139267,13071.8932562583,23895.4033955764,7356.91151464462,42457.7843406744,"2",689.5,-16984.1573040841,24.6325704192663,NA,2
93,2003,1,192808.367906418,"0000220",17.2855155437506,143912.533247285,258317.08952589,82414.5897264641,451073.855468084,"2",1009.9,-191798.467906418,189.91827696447,NA,2
105,2004,1,83893.4163061444,"0000210",15.0912866096879,65433.3559996445,107561.429365694,40747.7507033,172723.774393419,"2",693.6,-83199.8163061444,119.953599057302,NA,2
117,2005,1,83197.7016802135,"0000210",15.2048224519258,65245.6173380211,106089.233994207,41055.388866864,168598.027102271,"2",454,-82743.7016802135,182.254849515889,NA,2
130,2006,1,64734.5078191982,"0000210",15.3716605079264,50987.5215811134,82187.8838712976,32350.5028486974,129536.054576739,"2",523.4,-64211.1078191982,122.68075624608,NA,2
144,2007,1,76544.6503159296,"0000210",15.2130791965426,60665.6306654875,96579.9486087128,38949.8058395532,150426.51344973,"2",545.3,-75999.3503159296,139.371630874619,NA,2
158,2008,1,35322.6710314864,"0000210",19.1545593779129,27339.958375158,45636.1736794853,16778.8246694144,74361.0540893834,"2",576.9,-34745.7710314864,60.2284122577334,NA,8
172,2009,1,54778.2221205406,"0000210",20.4043515699844,42276.4360877747,70976.9766887943,25803.1282018775,116290.303842654,"2",1051,-53727.2221205406,51.1200971651195,NA,8
186,2010,1,56059.0729433853,"0000210",20.1960560905997,43581.3123329631,72109.3397844938,26971.4509584502,116516.522011108,"2",546.5,-55512.5729433853,101.578358542334,8416.71855359907,8
200,2011,1,63169.2331295564,"0000210",20.4407760041269,49287.0720189762,80961.4337130821,30713.8999352991,129920.069498897,"2",454.2,-62715.0331295564,138.078012174277,8381.14945603621,9
214,2012,1,84641.8110488561,"0000210",20.5511263535733,66308.2914862892,108044.348859624,41640.4537546976,172049.906560445,"2",183.1,-84458.7110488561,461.27095056721,8815.31341493536,9
228,2013,1,58170.1422373971,"0000210",21.3271097767244,45569.233617805,74255.4829053981,28615.2681360634,118250.349143313,"2",335.1,-57835.0422373971,172.590397604885,11459.4278349073,8
242,2014,1,69009.7404118633,"0000210",21.2181259818616,54312.5047693378,87684.1215837527,34408.965808942,138404.167627588,"2",1316.5,-67693.2404118633,51.4190964009596,12212.9893415307,9
256,2015,1,78957.1298855154,"0000210",21.0232796076311,62428.8829455333,99861.283201195,39900.4819766749,156244.437433176,"2",268.9,-78688.2298855154,292.630085107904,12309.6801865572,9
270,2016,1,122852.782442095,"0000210",22.5953266712642,96736.5969383147,156019.61027623,61344.4054553041,246033.946237548,"2",247.7,-122605.082442095,494.974091409346,14114.7931999697,11
284,2017,1,92799.4971478098,"0000210",23.0131598607837,73179.9949751282,117678.9732469,46536.9667531582,185051.739976197,"2",291.8,-92507.6971478098,317.024321959595,17351.341228716,11
298,2018,1,69375.3780414987,"0000210",23.4917937650655,54768.4124306758,87878.0827268443,34901.726855583,137899.855165217,"2",182.8,-69192.5780414987,378.51519716356,19300.6195723181,11
312,2019,1,44068.5301353017,"0000210",25.2455482715467,34637.2910582582,56067.7607558741,21888.781688306,88722.8615982552,"2",340.7,-43727.8301353017,128.347021236577,20557.9323736454,11
326,2020,1,33869.069478418,"0000210",25.4128494372913,26685.9251222357,42985.7260739327,16942.8738506293,67704.7989288604,"2",387.7,-33481.369478418,86.3589617704875,20613.8885215072,10
340,2021,1,65450.970418144,"0000210",28.5135244118555,51079.0686871088,83866.6334133438,31844.503582166,134523.357150898,"2",841.3,-64609.670418144,76.797421155526,19974.5826032046,9
354,2022,1,56479.9234961474,"0000210",28.4385473035881,44234.958595872,72114.4963031196,27765.2120837062,114891.31610137,"2",696,-55783.9234961474,80.1493153680279,19668.6937026009,8
368,2023,1,78651.0307978276,"0000210",28.9975822896091,61654.2941924808,100333.394884849,38764.7510543046,159577.566663463,"2",NA,NA,NA,19273.8782658903,10
25,1996,1,11929.8133171761,"0000200",15.8830207482603,10089.3618039924,14105.9908988848,7331.20401996732,19412.9702836051,"3",176.5,-11753.3133171761,66.5910102956153,NA,3
34,1997,1,11278.1883273586,"0000200",10.4521047346035,9708.39450000327,13101.809155708,7296.12331062747,17433.5776044372,"3",195.6,-11082.5883273586,56.6594495263732,NA,3
43,1998,1,14367.9658814065,"0000200",9.22488498251462,12262.6133101608,16834.7837730646,9066.45285754049,22769.4829293209,"3",228.3,-14139.6658814065,61.9345855514958,NA,3
52,1999,1,12104.362153649,"0010200",6.10272324076727,11070.5874458883,13234.671047299,9338.53203462091,15689.3591630366,"3",372.5,-11731.862153649,31.4949319561047,NA,3
61,2000,1,15983.6224647173,"0000200",7.81292948459894,13571.8174082977,18824.0218246984,9936.92399300079,25709.7857721932,"3",673.1,-15310.5224647173,22.7462820750517,NA,3
70,2001,1,17184.9999326551,"0000200",8.03585892138542,14507.6087925123,20356.5058107839,10505.4278270373,28111.5845587264,"3",1478.7,-15706.2999326551,10.6216946863158,NA,3
82,2002,1,17982.1451315164,"0000200",19.0162726238142,13708.2578689195,23588.5220881395,8172.60681428925,39566.0223082739,"3",689.5,-17292.6451315164,25.0799784358468,NA,3
94,2003,1,21780.5607211209,"0000200",30.1753622347577,14515.8530211019,32681.0160337668,6698.56592419922,70820.0577100607,"3",1009.9,-20770.6607211209,20.567046956254,NA,3
106,2004,1,85825.8397287211,"0000210",15.7776339984142,66497.0698374488,110772.922523449,40888.8621936818,180148.685239726,"3",693.6,-85132.2397287211,122.739676656172,NA,3
118,2005,1,65823.8497595216,"0000210",15.9574801411867,51279.933914681,84492.6829346718,31862.905547071,135981.923894645,"3",454,-65369.8497595216,143.986453214805,NA,3
131,2006,1,61248.2729961696,"0000210",15.6730348829869,48125.4982750197,77949.3424374686,30394.681609533,123421.294330543,"3",523.4,-60724.8729961696,116.020009545605,NA,3
145,2007,1,82715.9974169312,"0000210",15.585823901512,65378.4199980348,104651.293636087,41758.2657180356,163846.273570761,"3",545.3,-82170.6974169312,150.688973806953,NA,3
159,2008,1,37223.4573890252,"0000210",19.7456044526572,28682.0481856313,48308.4670601279,17452.4260786508,79392.1586459278,"3",576.9,-36646.5573890252,63.5232404039265,NA,9
173,2009,1,56597.0266013925,"0000210",20.6993730187227,43587.1305021449,73490.1192901675,26495.2418412675,120898.063105413,"3",1051,-55546.0266013925,52.8506437691651,NA,9
187,2010,1,54238.1776018125,"0000210",20.5230218689716,42074.0781020604,69919.0580582608,25930.9145225002,113446.824523415,"3",546.5,-53691.6776018125,98.2464365998399,NA,9
201,2011,1,70829.8961370345,"0000210",20.9248976766257,55097.4839272163,91054.5061079445,34137.582346943,146960.441890588,"3",454.2,-70375.6961370345,154.944289161238,6958.33608986349,2
215,2012,1,85030.7178720977,"0000210",20.7994506544558,66516.6055569382,108698.014898779,41656.1921578774,173568.984760817,"3",183.1,-84847.6178720977,463.394963801735,7547.35794896765,2
229,2013,1,58835.9114537554,"0000210",21.448382191316,46059.7373675494,75155.9751409481,28886.1624568159,119838.157171942,"3",335.1,-58500.8114537554,174.577175332007,10258.9280441367,2
243,2014,1,67468.6007954599,"0000210",21.3084993874568,53074.5847281795,85766.325193314,33594.530535718,135498.607085978,"3",1316.5,-66152.1007954599,50.2484624348347,11009.8786426735,2
257,2015,1,79170.9459990466,"0000210",21.1737381460998,62551.8000730434,100205.568553816,39922.8994086265,157003.594008244,"3",268.9,-78902.0459990466,293.425236143721,11134.9021791983,2
271,2016,1,128014.380419998,"0000210",22.6750551545769,100762.499771334,162636.711390699,63850.9578705609,256655.21929267,"3",247.7,-127766.680419998,515.812193863537,12939.4285396561,2
285,2017,1,88950.7887894275,"0000210",23.3334432568057,70042.1169681989,112964.0731712,44417.1184022331,178134.987385034,"3",291.8,-88658.9887894275,303.83477995006,16307.3652008376,4
299,2018,1,69199.9948306697,"0000210",23.5973040939646,54604.7024537701,87696.463296708,34766.7505367547,137736.176393657,"3",182.8,-69017.1948306697,377.555770408478,18165.7305442657,6
313,2019,1,42594.1936513028,"0000210",25.3266715302747,33466.7966488895,54210.9049706401,21135.0300796846,85841.6253000082,"3",340.7,-42253.4936513028,124.019646760501,20545.6553672805,10
327,2020,1,35690.4817033346,"0000210",25.3978876588983,28122.7708364215,45294.6294525986,17857.2183389969,71333.0855923003,"3",387.7,-35302.7817033346,91.0569556444019,20554.1885013094,9
341,2021,1,62297.8150035005,"0000210",27.9003783753962,48740.9946077364,79625.3294674122,30533.192500751,127108.154645634,"3",841.3,-61456.5150035005,73.0494651176756,20201.3251841733,12
355,2022,1,54268.3574330425,"0000210",27.7166676719506,42623.2619459905,69095.0078436569,26898.2081407813,109488.877588666,"3",696,-53572.3574330425,76.9717779210381,19914.8548879872,12
369,2023,1,72778.9686797214,"0000210",28.5225125130558,57154.0218149176,92675.5128315638,36058.7621477436,146892.959341793,"3",NA,NA,NA,19423.4069154144,11
119,2005,1,77331.0925129226,"0000210",15.5268920937994,60474.6019670054,98886.1054844957,37849.8822519826,157995.151198362,"4",454,-76877.0925129226,169.3328028919,NA,4
132,2006,1,62658.0363195419,"0000210",15.5064708739213,49298.980805497,79637.1334918809,31215.1374456943,125773.257357948,"4",523.4,-62134.6363195419,118.713481695724,NA,4
146,2007,1,76232.3827126639,"0000210",15.4765004529595,60302.1488493235,96370.9633063143,38574.8981721091,150651.756697361,"4",545.3,-75687.0827126639,138.798978016989,NA,4
160,2008,1,32757.9439832539,"0000210",19.3099290409005,25325.1135666491,42372.2835905918,15507.5778609016,69197.3242781845,"4",576.9,-32181.0439832539,55.7827075459419,NA,10
174,2009,1,53634.1744463122,"0000210",20.7670260304995,41285.0578727744,69677.1378497799,25072.397499108,114732.732226337,"4",1051,-52583.1744463122,50.0315646492029,NA,10
188,2010,1,55964.4881626799,"0000210",20.5769294819811,43397.5778183891,72170.4780026592,26728.2377321555,117180.338138895,"4",546.5,-55417.9881626799,101.405284835645,NA,10
202,2011,1,74271.0756016894,"0000210",20.7541874980364,57836.1550811763,95376.1995984965,35907.5477041558,153622.094064459,"4",454.2,-73816.8756016894,162.520642011646,NA,10
216,2012,1,73880.9812237103,"0000210",20.5445437897672,57880.4847040307,94304.6592385934,36350.5878332551,150159.865684061,"4",183.1,-73697.8812237103,402.500716677828,NA,10
230,2013,1,61756.9464450167,"0000210",20.6425655551327,48561.7312001636,78537.5714570862,30714.2309798108,124174.374957317,"4",335.1,-61421.8464450167,183.294080707301,NA,10
244,2014,1,64197.1223199163,"0000210",20.3834394414985,50742.8928164773,81218.6748805152,32412.4134099238,127150.991875739,"4",1316.5,-62880.6223199163,47.7634806835673,NA,10
258,2015,1,81410.3295340499,"0000210",20.361281690788,64575.9558567433,102633.273745812,41526.5754214026,159600.007647795,"4",268.9,-81141.4295340499,301.753177887876,NA,10
272,2016,1,147807.780777219,"0000210",21.6978484749461,116882.497917259,186915.410327319,74722.7002590438,292376.212082115,"4",247.7,-147560.080777219,595.720955903185,NA,13
286,2017,1,100175.585883991,"0000210",23.0774781269448,78973.4260973522,127069.933560061,50193.0248091037,199931.126792359,"4",291.8,-99883.785883991,342.302213447536,NA,13
300,2018,1,69196.2169265771,"0000210",23.805326779307,54551.8239236004,87771.8853847242,34672.6151312777,138095.047599413,"4",182.8,-69013.4169265771,377.535103537074,NA,13
314,2019,1,42115.5701755386,"0000210",25.4810147876841,33068.7189994747,53637.4345567752,20857.1612713607,85041.3547718136,"4",340.7,-41774.8701755386,122.61482293965,NA,13
328,2020,1,34537.9665967646,"0000210",25.518616552115,27201.1220049691,43853.7475189925,17255.6583129177,69129.2742941157,"4",387.7,-34150.2665967646,88.0842574071824,21133.8000895404,12
342,2021,1,65443.9971097683,"0000210",28.5131742689825,51073.7004894981,83857.5767303964,31841.244654892,134508.459205138,"4",841.3,-64602.6971097683,76.789132425732,20592.1431196423,13
356,2022,1,56625.3216239132,"0000210",28.4411021640923,44348.387524897,72300.871079282,27835.8744571582,115190.455178499,"4",696,-55929.3216239132,80.3582207240132,20312.6474578424,13
370,2023,1,80070.5207405167,"0000210",28.996812440316,62767.2116922418,102143.907922709,39464.711233427,162456.232195286,"4",NA,NA,NA,19923.0424092225,13
133,2006,1,60893.5626422992,"0000210",15.6125724480739,47870.0193100094,77460.2982141743,30261.3129489873,122533.545637044,"5",523.4,-60370.1626422992,115.342305392241,NA,5
147,2007,1,79926.7983877287,"0000210",15.7213946379317,63110.7938106924,101223.462973307,40233.2522774263,158781.424292088,"5",545.3,-79381.4983877287,145.573993008855,NA,5
161,2008,1,36152.7290124068,"0000210",19.7819929821903,27849.2381356362,46931.9774091789,16936.6666343535,77171.0185517513,"5",576.9,-35575.8290124068,61.6672369776509,NA,11
175,2009,1,56980.723118523,"0000210",20.7767528559428,43857.9718235481,74029.9350862029,26631.3377804066,121916.624462574,"5",1051,-55929.723118523,53.2157213306594,NA,11
189,2010,1,54504.1300930258,"0000210",20.6068428305405,42256.6819637003,70301.312340363,26015.6372478015,114189.022890397,"5",546.5,-53957.6300930258,98.7330834273116,NA,11
203,2011,1,71295.2148768063,"0000210",20.9531918136835,55449.5924158878,91668.98155366,34344.1084909188,148002.317942654,"5",454.2,-70841.0148768063,155.968768993409,NA,11
217,2012,1,82370.3137629097,"0000210",20.8175269142097,64428.6521385251,105308.249733556,40340.4783333004,168190.087716421,"5",183.1,-82187.2137629097,448.865176203767,NA,11
231,2013,1,58120.01750015,"0000210",21.4528974407442,45498.1561863031,74243.369783733,28532.6030907224,118388.652569737,"5",335.1,-57784.91750015,172.440816174724,NA,11
245,2014,1,67308.9549994519,"0000210",21.3488296380653,52937.8552738608,85581.3934977315,33494.5468349046,135260.687223182,"5",1316.5,-65992.4549994519,50.1271971131424,NA,11
259,2015,1,77971.9338711782,"0000210",21.2111133053418,61593.173235751,98706.1090088884,39297.320362364,154708.321472066,"5",268.9,-77703.0338711782,288.966284385192,NA,11
273,2016,1,127567.12103282,"0000210",22.8175458843864,100341.883689163,162179.239319579,63501.6935707244,256266.714374758,"5",247.7,-127319.42103282,514.006544339201,NA,14
287,2017,1,90486.4602505113,"0000210",23.4543527753198,71211.716494845,114978.263292672,45110.9639573453,181503.536399917,"5",291.8,-90194.6602505113,309.097533415049,NA,14
301,2018,1,67302.6153342786,"0000210",23.8039445587108,53059.2990618698,85369.4283739423,33724.3718684215,134313.607040827,"5",182.8,-67119.8153342786,367.176232682049,NA,14
315,2019,1,42398.7203402513,"0000210",25.277896720099,33320.2056891388,53950.7919987666,21050.8761286485,85395.5662227468,"5",340.7,-42058.0203402513,123.445906487383,NA,14
329,2020,1,31628.8035970536,"0000210",25.333951134087,24928.8637632662,40129.4349586481,15837.0939167316,63166.9687785399,"5",387.7,-31241.1035970536,80.5806128373835,NA,14
343,2021,1,66110.4413794213,"0000210",28.2195476648551,51656.2874508663,84609.0703583577,32278.8208180624,135401.180979208,"5",841.3,-65269.1413794213,77.581292499015,19901.3827517868,7
357,2022,1,51626.4685162482,"0000210",28.1627778344275,40477.6165633386,65846.0768629636,25459.3864894874,104687.999946884,"5",696,-50930.4685162482,73.1759605118509,19649.6426658319,7
371,2023,1,78274.1154339053,"0000210",29.0187122407686,61353.8985701194,99860.6003815415,38569.9688850581,158849.937504975,"5",NA,NA,NA,19166.9891158519,6
2,1993,1,7497.14931037011,"0000200",-22.9002698799171,6616.79085487587,8494.63871758379,5215.03932674614,10777.91446245,"6",223.3,-7273.84931037011,32.5743363652938,NA,2
9,1994,1,5800.67016474551,"1000200",-35.5905108376746,4830.77379070294,6965.29703479916,3408.5942007073,9871.4520940001,"6",214.1,-5586.57016474551,26.0932749404274,NA,2
17,1995,1,13312.0100870828,"0000200",28.7346294494436,11056.4169100554,16027.7614348486,7761.53162495824,22831.783869662,"6",139.4,-13172.6100870828,94.4950508399053,NA,3
26,1996,1,13295.9062006407,"0000200",15.4784610479853,11307.3390058803,15634.1931204418,8303.66327410859,21289.5340117479,"6",176.5,-13119.4062006407,74.3309133180776,NA,4
35,1997,1,13163.2678703256,"0000200",10.2209520631643,11358.9371178692,15254.2107794017,8576.57506200094,20202.8921537267,"6",195.6,-12967.6678703256,66.2968705026871,NA,4
44,1998,1,14025.2796338242,"0000200",8.82469320852161,12017.0829594111,16369.0697211102,8951.44121015344,21975.0612430814,"6",228.3,-13796.9796338242,60.433550739484,NA,4
53,1999,1,15596.3863949079,"0000200",6.42228459987902,13489.7836314599,18031.9622037512,10230.5836461115,23776.4801103719,"6",372.5,-15223.8863949079,40.8694936776051,NA,4
62,2000,1,20313.001596443,"0000200",6.11681451833557,17478.8510537692,23606.702327732,13126.0780467931,31434.9825123815,"6",673.1,-19639.901596443,29.1782819736191,NA,4
71,2001,1,22785.8034965679,"0000200",4.26978798411392,19755.2792872922,26281.2199935935,15050.6945694847,34496.2711579354,"6",1478.7,-21307.1034965679,14.4093484118265,NA,4
83,2002,1,33566.873901771,"0000200",11.0618670662418,27624.8849997792,40786.9579745365,19056.6242537224,59125.6357125952,"6",689.5,-32877.373901771,47.6829208147513,NA,4
95,2003,1,35722.3253401516,"0000200",17.4642244849465,27852.1552522244,45816.3655972628,17332.9756369369,73621.7804973009,"6",1009.9,-34712.4253401516,34.3721411428375,NA,4
107,2004,1,32485.1529769361,"0000200",21.519113012984,24511.4952748485,43052.6637441732,14330.3211746918,73640.0218160246,"6",693.6,-31791.5529769361,45.8355723427568,NA,4
120,2005,1,46683.9323097122,"1000200",21.9208086982121,36507.2737803427,59697.4057556519,22848.5037505528,95384.3437492078,"6",454,-46229.9323097122,101.828044735049,NA,5
134,2006,1,45460.4819429384,"0000210",14.1523309999143,36148.5697752361,57171.153141998,23354.8754231242,88489.2503617459,"6",523.4,-44937.0819429384,85.8560984771463,NA,6
148,2007,1,82554.8920248465,"0000210",15.4803449184982,65301.6121481817,104366.645371156,41770.785554993,163159.732494411,"6",545.3,-82009.5920248465,150.393530212445,NA,6
162,2008,1,36720.3216942259,"0000210",19.8144349530501,28279.4218139652,47680.6786997877,17190.1221886097,78439.3508395704,"6",576.9,-36143.4216942259,62.6511036474708,6030.99618995941,1
176,2009,1,57319.7235108934,"0000210",20.7095500774982,44140.4432306462,74434.0215660576,26827.8084542034,122468.099061237,"6",1051,-56268.7235108934,53.5382716564162,6231.5079718406,1
190,2010,1,52521.6181155565,"0000210",20.5426780259723,40737.1426944776,67715.1166483333,25100.6549869933,109898.342131142,"6",546.5,-51975.1181155565,95.1054311355105,6414.47461661385,1
204,2011,1,72795.335481192,"0000210",21.0505478492581,56581.6394221831,93655.1312746468,35004.3855526933,151385.627376384,"6",454.2,-72341.135481192,159.271544432391,6418.54381858455,1
218,2012,1,79999.6488736791,"0000210",20.8820178680953,62550.7419314319,102316.033707922,39136.502923865,163528.760665259,"6",183.1,-79816.5488736791,435.91779832703,6984.81469267998,1
232,2013,1,59236.2252079262,"0000210",21.3931379248275,46387.3707200379,75644.0885184382,29108.6730295742,120545.872129558,"6",335.1,-58901.1252079262,175.771785162418,9448.95421150893,1
246,2014,1,65352.9797297201,"0000210",21.2402569140318,51428.610363692,83047.3918962526,32574.7584659638,131114.155889009,"6",1316.5,-64036.4797297201,48.6414582071554,10217.8757743285,1
260,2015,1,77455.2135116823,"0000210",21.1717131608377,61196.833977736,98033.0142948719,39058.850023801,153596.690544769,"6",268.9,-77186.3135116823,287.044676503095,10269.6888711922,1
274,2016,1,126866.918432409,"0000210",22.8565636768408,99772.4185784841,161319.28264197,63118.7585687576,254998.915655198,"6",247.7,-126619.218432409,511.179727220061,11988.7981680553,1
288,2017,1,93737.500460744,"0000210",23.3917717557673,73791.5020495246,119074.944249418,46770.8730681103,187867.328878644,"6",291.8,-93445.700460744,320.238863813379,15300.6006934436,1
302,2018,1,68093.8828779156,"0000210",23.8614821547477,53669.503337189,86395.0026937987,34095.7400666802,135992.850611931,"6",182.8,-67911.0828779156,371.504829747897,17117.6403134344,3
316,2019,1,41178.0532751892,"0000210",25.4184131172528,32341.3273387447,52429.2665472318,20408.8861572261,83083.02856273,"6",340.7,-40837.3532751892,119.863085633077,19365.1915708015,2
330,2020,1,34228.1522181226,"0000210",25.3705861109368,26973.534789623,43433.9219314218,17131.1452505217,68388.0958998522,"6",387.7,-33840.4522181226,87.2851488731561,19858.7083260703,4
344,2021,1,66039.3398693955,"0000210",28.4527910373284,51551.171466748,84599.3269658019,32154.1967935996,135633.753764101,"6",841.3,-65198.0398693955,77.4967786394811,19761.755686991,5
358,2022,1,57689.7651459404,"0000210",28.3985702890404,45189.6217642937,73647.6401584633,28372.9475630972,117298.669628615,"6",696,-56993.7651459404,81.8875936004891,19706.0268880732,9
372,2023,1,77512.890311107,"0000210",28.8692877525023,60791.7435904379,98833.2923112072,38257.9631906509,157045.688356194,"6",NA,NA,NA,19249.3206439935,8
3,1993,1,353892.714980899,"0000200",-22.8833533431208,312226.459234871,401119.283815534,245916.672250595,509278.417645995,"7",223.3,-353669.414980899,1583.8307880918,NA,3
10,1994,1,16274.1308776254,"1000200",-32.1020222295441,11828.7570692328,22390.1238542605,6439.7269388548,41127.1065274671,"7",214.1,-16060.0308776254,75.0118210071247,NA,3
18,1995,1,13607.0137894467,"0000200",28.8951897610856,11267.5257468243,16432.2521577886,7864.55924619142,23542.4285672278,"7",139.4,-13467.6137894467,96.6112897377812,NA,4
27,1996,1,14225.932086612,"0000200",15.7414985727829,12054.9094384552,16787.9439299074,8792.28137546072,23017.5918047541,"7",176.5,-14049.432086612,79.6001817938357,NA,5
36,1997,1,13858.1859194586,"0000200",10.8886961803492,11872.7842331905,16175.5922794761,8842.34986911889,21719.2623930202,"7",195.6,-13662.5859194586,69.8496212651258,NA,5
45,1998,1,15348.1004878249,"0000200",8.68830947625984,13167.7568580608,17889.469795318,9833.11999598405,23956.1999325318,"7",228.3,-15119.8004878249,66.2277726142133,NA,5
54,1999,1,13418.3814642065,"0000200",6.01662726530295,11643.5517232621,15463.7489829878,8884.99872794933,20264.8268876586,"7",372.5,-13045.8814642065,35.022500575051,NA,5
63,2000,1,13552.1491272912,"0000200",8.66789096019971,11425.3213005626,16074.8867482,8252.19355293058,22255.9910635055,"7",673.1,-12879.0491272912,19.1339312543325,NA,5
72,2001,1,16197.7966736119,"0000200",9.76279008629097,13486.3942536694,19454.3190822326,9511.88286142465,27583.2472815352,"7",1478.7,-14719.0966736119,9.95407903808203,NA,5
84,2002,1,53100.6588787031,"0000210",13.8059469334076,41367.3336206913,68161.9946600094,25702.9485860432,109702.58777561,"7",689.5,-52411.1588787031,76.0132833628761,NA,5
96,2003,1,94744.5935824569,"0000210",15.5284096180349,73002.2754841548,122962.44128792,44418.1167384318,202091.819109886,"7",1009.9,-93734.6935824569,92.8158169942142,NA,5
108,2004,1,87871.9522460368,"0000210",15.3348193394101,68376.35892613,112926.165019574,42391.1111146186,182148.563425294,"7",693.6,-87178.3522460368,125.689665867988,NA,5
121,2005,1,63090.604099918,"0000210",15.6280893674487,49294.328415071,80748.1195843949,30800.0668730157,129234.275435288,"7",454,-62636.604099918,137.966088325811,NA,6
135,2006,1,60352.9266370509,"0000210",15.2722262044724,47573.9723974203,76564.4651917854,30230.1506791656,120491.485216698,"7",523.4,-59829.5266370509,114.309374545378,NA,7
149,2007,1,77244.1285719408,"0000210",15.4159869756025,61129.536157801,97606.7507437988,39137.1907168281,152454.871940335,"7",545.3,-76698.8285719408,140.654371120376,NA,7
163,2008,1,36202.4020371938,"0000210",19.4260405704247,27963.3907957046,46868.9195397553,17094.3958456296,76669.2151684135,"7",576.9,-35625.5020371938,61.7533403314158,18151.2705706266,7
177,2009,1,52704.8953255193,"0000210",20.5377693298052,40637.1898177429,68356.2520866319,24757.2008929443,112201.94089331,"7",1051,-51653.8953255193,49.1473789966882,8004.08758555737,6
191,2010,1,55524.9836759169,"0000210",20.3382094986492,43125.3896746394,71489.7612629309,26641.3374817039,115723.312102034,"7",546.5,-54978.4836759169,100.601068025466,7831.65797215446,6
205,2011,1,72783.6293030264,"0000210",20.6261600685165,56723.1705634292,93391.4067549629,35270.2332149606,150196.247987193,"7",454.2,-72329.4293030264,159.24577125281,7858.25649407235,8
219,2012,1,75918.9958825438,"0000210",20.4409584156715,59512.8924883249,96847.8206120534,37418.6359452966,154032.710979626,"7",183.1,-75735.8958825438,413.631326502151,8389.22709046552,8
233,2013,1,59122.79988377,"0000210",20.6818423766651,46480.4275894965,75203.8147533355,29385.8277154663,118952.084655984,"7",335.1,-58787.69988377,175.433303144643,10681.105125379,4
247,2014,1,70626.3972891055,"0000210",20.5095379250494,55788.7133647405,89410.34293849,35591.6524803957,140147.693248749,"7",1316.5,-69309.8972891055,52.6470925097649,11409.1419955819,3
261,2015,1,89904.8257616277,"0000210",20.2431394979943,71354.5461324581,113277.68353013,45935.4805777575,175961.53547466,"7",268.9,-89635.9257616277,333.342974197202,11526.6392751466,3
275,2016,1,131473.942492691,"0000210",20.7696088618639,104415.98512965,165543.595007112,67304.4450416763,256824.011309625,"7",247.7,-131226.242492691,529.778936183654,13621.3662280991,8
289,2017,1,89143.2216567782,"0000210",21.5928924492209,70748.0165897995,112321.367444458,45542.4803145721,174485.752915984,"7",291.8,-88851.4216567782,304.494248309727,17086.8652757363,10
303,2018,1,62515.1571103498,"0000210",21.8588414354883,49701.3779338313,78632.5255153837,32100.6531323437,121746.584171335,"7",182.8,-62332.3571103498,340.98663627106,18610.0717087153,9
317,2019,1,40674.8389066117,"0000210",22.8353367923665,32295.8594499387,51227.6975518592,20807.5532024248,79511.632337723,"7",340.7,-40334.1389066117,118.386084257739,20264.5438372276,7
331,2020,1,35930.780142942,"0000210",22.6968987978592,28620.7700208879,45107.8346507879,18552.8907983177,69585.9731895527,"7",387.7,-35543.080142942,91.6767607504308,20215.8532931592,6
345,2021,1,55859.9868284887,"0000210",25.4900138040751,44128.4811339213,70710.2997497086,28157.5487193954,110817.108391598,"7",841.3,-55018.6868284887,65.3972267068688,19907.25777599,8
359,2022,1,52243.0279449423,"0000210",25.1614590906857,41434.6437208879,65870.8202546972,26638.6393138681,102457.709521039,"7",696,-51547.0279449423,74.0618217599746,19581.1767904,6
373,2023,1,76222.3165983476,"0000210",26.2333705082575,60368.5529794529,96239.5363293896,38708.2038091077,150093.28710447,"7",NA,NA,NA,19137.2264613306,4
4,1993,1,8353.04467912954,"0000200",-31.8674814811554,8122.20492090606,8590.44509354129,7699.77690898987,9061.73727320209,"8",223.3,-8129.74467912954,36.4072757686052,NA,4
11,1994,1,7374.59796340082,"1000200",-36.4473563910785,6223.20206936175,8739.02124913214,4503.04608661874,12077.3125736832,"8",214.1,-7160.49796340082,33.4446425193873,NA,4
19,1995,1,11033.6640302966,"0000200",27.9638179664048,9291.2046529003,13102.9017744712,6695.83708351795,18181.7060981268,"8",139.4,-10894.2640302966,78.1511049519125,NA,5
28,1996,1,12559.0825608523,"0000200",14.6601221735239,10795.3932393696,14610.9133102329,8090.72157436102,19495.2394938595,"8",176.5,-12382.5825608523,70.1562751323076,NA,6
37,1997,1,12648.7279101387,"0000200",9.07034074340413,11042.6287392547,14488.4267616444,8524.64554503774,18767.9730376417,"8",195.6,-12453.1279101387,63.6662981090936,NA,6
46,1998,1,13421.8686078233,"0000200",8.36464227697151,11550.5517993981,15596.3593821604,8676.04856042915,20763.6639734024,"8",228.3,-13193.5686078233,57.7904888647538,NA,6
55,1999,1,13965.0745502365,"0000200",6.18548001402042,12101.7420751136,16115.308521962,9211.13280738777,21172.5649029016,"8",372.5,-13592.5745502365,36.4901330207691,NA,6
64,2000,1,15691.4626077951,"0000200",8.31564426477446,13268.3835977093,18557.0455480605,9637.97556679831,25547.0660892768,"8",673.1,-15018.3626077951,22.3122308836653,NA,6
73,2001,1,26483.8346932056,"0000210",6.05565959933484,22231.8181960153,31549.0840143139,15926.4651573355,44039.4960920746,"8",1478.7,-25005.1346932056,16.9102148462877,NA,6
85,2002,1,40297.5853367931,"0010201",7.95372955326877,35946.8687366584,45174.877285489,28913.2447208378,56164.4118346143,"8",689.5,-39608.0853367931,57.4446487843265,NA,6
97,2003,1,95280.1462428688,"0000210",11.4457252781691,76470.552076924,118716.368870076,50288.6797190755,180523.853852916,"8",1009.9,-94270.2462428688,93.3461196582521,NA,6
109,2004,1,68613.8276761526,"0000210",10.9870860550763,55493.5618107336,84836.099806125,37032.4549752462,127127.876116224,"8",693.6,-67920.2276761526,97.9242036853411,NA,6
122,2005,1,55797.0266955955,"0000210",10.3053354837047,45498.3462529152,68426.8428299088,30839.5572788435,100951.779557639,"8",454,-55343.0266955955,121.90093985814,NA,7
136,2006,1,47680.5811301668,"0000210",9.62358619143474,39151.2417584326,58068.0896646336,26891.3538668127,84541.5901397259,"8",523.4,-47157.1811301668,90.0977858810982,NA,8
150,2007,1,50316.6669237855,"0000210",11.4895109562392,40910.1209525402,61886.0788325772,27575.9917514707,91810.550029779,"8",545.3,-49771.3669237855,91.2733668142041,NA,8
164,2008,1,53987.687585166,"1010210",10.8177785438471,46183.145898214,63111.1275359482,34296.1775441645,84985.2846440439,"8",576.9,-53410.787585166,92.5824017770255,6448.77152518763,2
178,2009,1,88646.3066043819,"1010210",8.99446676234813,76260.7955810287,103043.347695588,57244.8579875677,137272.900149472,"8",1051,-87595.3066043819,83.344725598841,6823.27236524376,2
192,2010,1,69854.0927356575,"0000210",12.0039032055851,57023.0938020379,85572.2470769806,38731.7720885362,125984.276184618,"8",546.5,-69307.5927356575,126.820846725814,7155.93958577345,2
206,2011,1,56697.9747047713,"0000210",11.3304474571536,46531.3545187638,69085.8963567582,31928.7842340573,100682.202994561,"8",454.2,-56243.7747047713,123.830415466251,7480.4045309328,4
220,2012,1,95593.7059552086,"0000210",12.0448304366175,78315.6584774802,116683.646615556,53559.8128337265,170615.917695975,"8",183.1,-95410.6059552086,521.084685719326,7838.23213315909,4
234,2013,1,51695.324441534,"0000210",14.1354243503281,42015.5733768309,63605.1433868836,28301.2739432936,94427.0768330104,"8",335.1,-51360.224441534,153.268351063963,10887.6880505606,7
248,2014,1,87283.7459507788,"0100210",13.692778006284,72368.6737590759,105272.791547388,50634.6162966181,150459.366820736,"8",1316.5,-85967.2459507788,65.2998450062885,11524.2071318887,5
262,2015,1,66571.7423647139,"0100210",12.8549957161599,55405.7213013461,79988.0730253424,39047.3274455468,113498.084796051,"8",268.9,-66302.8423647139,246.570629842744,11716.2718784588,6
276,2016,1,84528.0051573455,"0100210",17.2327332007956,69255.8452553247,103167.9510883,47371.4263608896,150828.974442264,"8",247.7,-84280.3051573455,340.251534749073,13211.3278715194,5
290,2017,1,71348.090448566,"0100210",16.451926749692,58693.3586156057,86731.2781331149,40456.2601810625,125828.487059207,"8",291.8,-71056.290448566,243.510248281583,15366.9366708713,2
304,2018,1,99264.5944837354,"1010210",17.7286701494737,81952.4980768802,120233.793346688,56876.7020820782,173242.45881558,"8",182.8,-99081.7944837354,542.022945753476,16607.374000853,1
318,2019,1,38033.5935005402,"0000210",22.0957669597863,30290.2400037377,47756.4467757875,19628.2612710525,73697.5229027388,"8",340.7,-37692.8935005402,110.633676256355,19598.5528414878,3
332,2020,1,29291.060549046,"0000210",21.7731429044448,23415.8891438097,36640.3437776221,15283.2509649715,56137.678433358,"8",387.7,-28903.360549046,74.5508396931803,19683.2826586279,3
346,2021,1,63324.529490126,"0000210",26.7317143734998,49779.3649029628,80555.3876181969,31466.2678016204,127437.930053444,"8",841.3,-62483.229490126,74.2698555689124,19367.6153241948,3
360,2022,1,59522.4923971711,"0000210",26.5408964619474,46962.5520098213,75441.5369171239,29893.9958068609,118516.344354279,"8",696,-58826.4923971711,84.5208224097286,19262.0957887803,3
374,2023,1,87155.6216687082,"0000210",26.8690601263101,68867.3211224313,110300.535357761,43962.1517771549,172787.32003301,"8",NA,NA,NA,19217.0788260838,7
5,1993,1,9783.71524832655,"0000200",-23.0865652257291,8667.89321782553,11043.1775813166,6881.52325009131,13909.8685831029,"9",223.3,-9560.41524832655,42.8142196521565,NA,5
12,1994,1,27267.4470661373,"1000200",-39.3424709892717,24528.1289632882,30312.6940753384,20046.2650366807,37089.8852301972,"9",214.1,-27053.3470661373,126.358463643799,NA,5
20,1995,1,17628.4854485387,"0000200",27.903862127911,14859.8179763438,20913.0084704983,10729.926928566,28962.3127238643,"9",139.4,-17489.0854485387,125.459723447193,NA,6
29,1996,1,13373.6621981726,"0000200",15.8800987674107,11310.924796356,15812.5744632705,8219.46386876634,21759.915664387,"9",176.5,-13197.1621981726,74.7714572134425,NA,7
38,1997,1,13937.0616295664,"0000200",10.6982126476753,11965.3365097605,16233.7002981807,8946.83857782112,21710.6506590886,"9",195.6,-13741.4616295664,70.2528713168016,NA,7
47,1998,1,14894.9555586194,"0000200",8.48339186359494,12803.9267146067,17327.473519522,9597.02436313809,23117.5510969218,"9",228.3,-14666.6555586194,64.2429065204529,NA,7
56,1999,1,15977.8238113065,"0000200",5.82314546243953,13885.5062750054,18385.4192053976,10626.4716047202,24024.0470441529,"9",372.5,-15605.3238113065,41.8934867417624,NA,7
65,2000,1,13444.1149882092,"0000200",5.39150666441321,11630.4179041826,15540.647748452,8823.62869444567,20484.1153311411,"9",673.1,-12771.0149882092,18.9734288934916,NA,7
74,2001,1,12108.8749481129,"0000200",8.71231531561349,10168.4167059466,14419.6345162849,7289.43671825215,20114.7027097305,"9",1478.7,-10630.1749481129,7.18886518435984,NA,7
86,2002,1,51490.9457394693,"0000210",14.2485076457868,39910.3072022571,66431.8989004181,24559.0245923758,107956.954201188,"9",689.5,-50801.4457394693,73.6786740238859,NA,7
98,2003,1,89486.8805107486,"0000210",16.0829111145208,68532.2853050993,116848.602784725,41216.9515841527,194286.609653682,"9",1009.9,-88476.9805107486,87.6096450250011,NA,7
110,2004,1,82553.7518794625,"0000210",15.8465312156733,63918.5977054513,106621.894003076,39252.6868415799,173621.795034848,"9",693.6,-81860.1518794625,118.022133620909,NA,7
123,2005,1,64710.0883052995,"0000210",15.9158124275607,50430.979472013,83032.2070346358,31357.5849198441,133536.927004533,"9",454,-64256.0883052995,141.533234152642,NA,8
137,2006,1,61409.9505761645,"0000210",15.6039405273554,48279.3066727902,78111.7685745966,30524.0723612015,123547.801392334,"9",523.4,-60886.5505761645,116.328908246398,NA,9
151,2007,1,77506.5363566222,"0000210",15.6659395604702,61224.7705813945,98118.1819213862,39061.3423378323,153790.495115222,"9",545.3,-76961.2363566222,141.135588403855,NA,9
165,2008,1,37138.1306248304,"0000210",19.6678638666719,28633.3408451252,48169.0471875825,17442.5666178176,79073.2680876258,"9",576.9,-36561.2306248304,63.3753347630966,8335.090707241,6
179,2009,1,56356.378699192,"0000210",20.6377007124255,43421.2067252476,73144.9367628931,26416.8793138214,120227.72948904,"9",1051,-55305.378699192,52.6216733579372,8472.1648079806,7
193,2010,1,56071.9000498978,"0000210",20.455278003484,43516.2257755829,72250.2450331956,26842.8613971083,117128.272157469,"9",546.5,-55525.4000498978,101.601829917471,7980.58620607485,7
207,2011,1,70004.2194087012,"0000210",20.6862239047944,54536.6301923893,89858.7007985959,33886.4470480894,144618.015812251,"9",454.2,-69550.0194087012,153.126418777414,7821.53358254337,6
221,2012,1,80181.1631512952,"0000210",20.5755647328933,62804.9002963211,102364.925252038,39429.7053569161,163050.13862263,"9",183.1,-79998.0631512952,436.909137909859,8343.89999296985,7
235,2013,1,61341.7680383501,"0000210",21.1100585443277,48111.578889706,78210.1230703083,30280.9868923555,124263.205801284,"9",335.1,-61006.6680383501,182.055112021337,10788.2751035902,6
249,2014,1,66836.4939994001,"0000210",20.879121575077,52694.6794854371,84773.5857538784,33496.0804456441,133362.37764836,"9",1316.5,-65519.9939994001,49.768320546449,11573.6898069295,6
263,2015,1,75775.9648175971,"0000210",20.7539413877472,59992.4267789976,95712.0282063318,38439.4141094307,149377.845034037,"9",268.9,-75507.0648175971,280.799794784668,11626.1886989607,5
277,2016,1,118682.474076541,"0000210",22.6394882199302,93433.0835223156,150755.269139381,59225.6776318566,237828.087683247,"9",247.7,-118434.774076541,478.137965589588,13371.6978049019,6
291,2017,1,89267.3781326468,"0000210",22.8322080999718,70452.7329784416,113106.539119147,44873.13708139,177582.075089235,"9",291.8,-88975.5781326468,304.919733148207,16511.3584742701,6
305,2018,1,69114.8165346433,"0000210",23.1204071211359,54651.1931072012,87406.2869084551,34934.7429825358,136736.596774317,"9",182.8,-68932.0165346433,377.089805988202,18052.9655350989,5
319,2019,1,44247.7547898878,"0000210",24.8667665555532,34834.6606210978,56204.4747684507,22081.7180344523,88664.4689915586,"9",340.7,-43907.0547898878,128.873069532984,19982.8332748535,5
333,2020,1,35062.8951981569,"0000210",25.0601050146667,27666.5133596951,44436.6300767032,17613.8976327313,69797.534044502,"9",387.7,-34675.1951981569,89.4382130465744,20055.1728476007,5
347,2021,1,64259.4886342935,"0000210",27.9324017573522,50269.19531727,82143.3852974821,31482.6521682096,131160.547004694,"9",841.3,-63418.1886342935,75.3811822587585,19707.8727068936,4
361,2022,1,61086.5166632937,"0000210",27.804994116728,47961.8376598635,77802.7427664138,30247.3587385234,123368.210438232,"9",696,-60390.5166632937,86.7679837116289,19434.887866976,4
375,2023,1,82203.7539166242,"0000210",28.0113159816445,64679.6314412661,104475.814215503,40956.5070836858,164991.051218736,"9",NA,NA,NA,19072.4371690278,3
75,2001,1,11364.8863392229,"0000200",7.13607365487526,9659.59696698776,13371.2246944535,7085.89323913175,18227.855987184,"10",1478.7,-9886.1863392229,6.68572823373429,NA,8
87,2002,1,51582.4157583861,"0000210",9.79330813642078,41892.670770481,63513.3918782245,28178.5604074641,94424.4694191763,"10",689.5,-50892.9157583861,73.8113354001249,NA,8
99,2003,1,86715.6640577961,"0000210",12.2954279798943,69047.3982940984,108904.992494515,44726.3352606087,168124.804976079,"10",1009.9,-85705.7640577961,84.8655946705576,NA,8
111,2004,1,87595.9380557867,"0000210",11.7207345316706,70416.9165614296,108965.980598987,46450.3982031432,165187.999687675,"10",693.6,-86902.3380557867,125.291721533718,NA,8
124,2005,1,50215.149269041,"0000210",11.9562423953752,40442.4493570453,62349.3694422541,26772.7490996023,94183.873562298,"10",454,-49761.149269041,109.606055658681,NA,9
138,2006,1,55455.1064899769,"0000210",11.6381862478489,44915.9142459426,68467.2434579795,30056.3706136653,102316.706010289,"10",523.4,-54931.7064899769,104.951674608286,NA,10
152,2007,1,70745.100123905,"0000210",12.2184528202075,57245.8810878638,87427.5859927744,38238.2117396322,130886.591287794,"10",545.3,-70199.800123905,128.736108791317,NA,10
166,2008,1,50205.1221605596,"0000210",15.7366410766352,39822.8454228123,63294.1786151932,25607.9071461658,98428.7500251309,"10",576.9,-49628.2221605596,86.0256927726809,NA,12
180,2009,1,56789.3359735715,"0000210",15.3725902533432,45334.9017363227,71137.8773704338,29510.4501924337,109284.292828107,"10",1051,-55738.3359735715,53.0336212878892,NA,12
194,2010,1,72651.8602257615,"0000210",14.9103887357012,58357.9086422465,90446.9148581263,38438.2904228602,137318.614750995,"10",546.5,-72105.3602257615,131.940274887029,NA,12
208,2011,1,56818.3927758445,"0000210",14.3752683356466,45907.0506439023,70323.1793885444,30575.9358116354,105584.004935071,"10",454.2,-56364.1927758445,124.095536714761,NA,12
222,2012,1,71618.6800866401,"0000210",15.0072214144008,57825.3732355517,88702.1570350883,38463.6299029211,133352.867378827,"10",183.1,-71435.5800866401,390.145167048826,NA,12
236,2013,1,70147.6711102684,"0000210",14.8898602303529,56808.7242131773,86618.6634244637,38005.1845744433,129474.328760485,"10",335.1,-69812.5711102684,208.333545539446,NA,12
250,2014,1,70707.4947865262,"0000210",14.3173681038573,57536.5289083925,86893.490341531,38844.436287336,128706.973168679,"10",1316.5,-69390.9947865262,52.7086933433545,NA,12
264,2015,1,72149.7792253883,"0000210",13.8093734949109,58947.1358003972,88309.4754577913,40103.4873610173,129803.939378409,"10",268.9,-71880.8792253883,267.31453784079,NA,12
278,2016,1,108792.648371299,"0000210",16.7064203139099,87970.5280059584,134543.245424642,58681.2395947874,201697.176497485,"10",247.7,-108544.948371299,438.211337792891,12983.6352555413,3
292,2017,1,66380.0774803809,"0000210",16.4816353732692,53834.4274400102,81849.3833005191,36113.5854994204,122012.661588866,"10",291.8,-66088.2774803809,226.484844004047,15860.4726526023,3
306,2018,1,68029.6508219985,"0000210",15.9081631407632,55395.6057966989,83545.1354742442,37448.1247647043,123585.184039043,"10",182.8,-67846.8508219985,371.153450886206,16878.2960432952,2
320,2019,1,48255.7899828322,"0000210",17.8408952309655,39076.7046683336,59591.0347771532,26138.6000219388,89087.4516964465,"10",340.7,-47915.0899828322,140.637188091671,18786.8817513995,1
334,2020,1,41774.36771428,"0000210",18.4552454186863,33813.5567508621,51609.4124846357,22599.4482945349,77218.6017633842,"10",387.7,-41386.66771428,106.74920741367,18889.1848617858,1
348,2021,1,56617.9719729336,"0000210",19.9346049111585,45669.4868578294,70191.170754929,30321.9348227109,105718.674255804,"10",841.3,-55776.6719729336,66.2981956174178,18870.1392068191,1
362,2022,1,66250.8638797286,"0000210",19.4186922757896,53632.9720363704,81837.2877384807,35855.1838578237,122414.013611385,"10",696,-65554.8638797286,94.188022815702,18612.44934688,1
376,2023,1,77554.2167653466,"0000210",19.1731104967,62937.7889353424,95565.1070657308,42272.9662639614,142281.393279326,"10",NA,NA,NA,18382.1287737092,1
76,2001,1,8297420.28407388,"0000200",7.13607365487526,7052401.00230896,9762233.22355325,5173358.75944837,13308024.162218,"11",1478.7,-8295941.58407388,5610.29389603968,NA,9
88,2002,1,5688.41939854589,"0000200",7.70930746566452,4801.88812342639,6738.62331275307,3476.8074192351,9306.84715947597,"11",689.5,-4998.91939854589,7.25006439237983,NA,9
100,2003,1,335675.03225292,"0000220",18.5136946995783,246376.581920992,457339.437049794,136649.107588354,824577.11774769,"11",1009.9,-334665.13225292,331.384426431251,NA,9
112,2004,1,79710.9840577357,"0000210",15.7775708651005,61759.3742678177,102880.59189038,37975.7112838008,167313.284324524,"11",693.6,-79017.3840577357,113.923564097081,NA,9
125,2005,1,72569.9673922389,"0000210",15.6999007474691,56664.8844249092,92939.3966079559,35362.604556038,148925.686708544,"11",454,-72115.9673922389,158.845743154711,NA,10
139,2006,1,68210.5905839648,"0000210",15.5589397208746,53645.1774616303,86730.7163097951,33939.9025597094,137085.97600208,"11",523.4,-67687.1905839648,129.322106579986,NA,11
153,2007,1,65290.8625399988,"0000210",15.2243619065547,51742.1742071214,82387.2749172241,33215.3930050412,128340.99932432,"11",545.3,-64745.5625399988,118.73383924445,NA,11
167,2008,1,32176.7255592833,"0000210",16.7954641795085,25336.324129202,40863.9257390983,16066.4544487862,64441.2039394075,"11",576.9,-31599.8255592833,54.7752219783035,NA,13
181,2009,1,67672.4298621713,"0000210",18.7878320446757,52825.3419079793,86692.4396140774,32948.1777849495,138992.747742863,"11",1051,-66621.4298621713,63.388610715672,NA,13
195,2010,1,43946.9204376799,"0000210",18.8604822190907,34463.4756501514,56039.9605530583,21685.0289094038,89062.9117454504,"11",546.5,-43400.4204376799,79.4152249545835,NA,13
209,2011,1,83493.0619424122,"0000210",20.2597229306263,65217.5523971624,106889.803991215,40728.0863401007,171161.771125391,"11",454.2,-83038.8619424122,182.824442849873,NA,13
223,2012,1,74870.2368336841,"0000210",19.9825882524841,58846.0733030855,95257.8829629067,37186.1897099775,150742.853926438,"11",183.1,-74687.1368336841,407.903532679869,NA,13
237,2013,1,63094.6437282856,"0000210",20.1633055361107,49742.9674415748,80030.0881099435,31617.8550279895,125907.784183183,"11",335.1,-62759.5437282856,187.286015303747,NA,13
251,2014,1,64976.7619352105,"0000210",19.8548023946299,51497.3371325898,81984.4253444547,33063.2188567859,127694.148893144,"11",1316.5,-63660.2619352105,48.3556869997801,NA,13
265,2015,1,83895.0533942032,"0000210",19.7807464140743,66732.4582259961,105471.612632342,43141.7145416487,163145.578677023,"11",268.9,-83626.1533942032,310.993504627011,NA,13
279,2016,1,146767.236284367,"0000210",20.8896586226514,116497.301781734,184902.322346567,75012.5908487167,287160.080765559,"11",247.7,-146519.536284367,591.520130336564,52031.3058669892,12
293,2017,1,73554.1386445561,"0000210",22.3604251198061,58175.5601517452,92998.0097764521,37204.7626393216,145417.170489472,"11",291.8,-73262.3386445561,251.070386033434,18572.8140956351,12
307,2018,1,63404.4757706095,"0000210",22.0436135328229,50368.797979114,79813.8472435416,32483.0132700799,123760.918185775,"11",182.8,-63221.6757706095,345.851618001146,20198.2829065755,12
321,2019,1,46339.9877633109,"0000210",23.1249318535905,36750.0161923686,58432.4767277169,23623.3690257528,90901.2793036776,"11",340.7,-45999.2877633109,135.014052724716,20294.7308503748,8
335,2020,1,36919.2298680019,"0000210",23.5028622329789,29314.6725688287,46496.4952566354,18887.7819484769,72164.6161399209,"11",387.7,-36531.5298680019,94.226282868202,20435.3341078923,8
349,2021,1,73787.7461772525,"0000210",25.9406198605224,58187.6241835982,93570.266226016,37002.8873041966,147140.720159455,"11",841.3,-72946.4461772525,86.7068182304202,20004.5377059823,10
363,2022,1,60809.775574934,"0000210",26.1847735158604,48043.3684995381,76968.5582206709,30661.2013074217,120602.86772191,"11",696,-60113.775574934,86.3703672053649,19720.4357836518,10
377,2023,1,63790.9946181825,"0000210",26.4083150375746,50490.6310614184,80594.971954836,32335.1408439182,125847.325484663,"11",NA,NA,NA,19504.6793033912,12
77,2001,1,20354.1686839036,"0000200",7.13607365487526,17300.0468474581,23947.4601696627,12690.6210903014,32645.5403454934,"12",1478.7,-18875.4686839036,12.76490747542,NA,10
89,2002,1,4109.33652746652,"0000200",14.3856229526024,3285.43914999089,5139.84460677574,2144.79850456137,7873.30215871444,"12",689.5,-3419.83652746652,4.95987893758741,NA,10
101,2003,1,76950.796445967,"0000210",13.7938684522276,60379.3541659725,98070.3612263169,38032.5801531112,155693.488315288,"12",1009.9,-75940.896445967,75.1964515753708,NA,10
113,2004,1,57085.9329599815,"0000210",13.3747031214568,45237.1851708408,72038.1635065144,29036.2902765387,112232.096830379,"12",693.6,-56392.3329599815,81.3038249134681,NA,10
126,2005,1,82710.286618035,"0000210",12.99028278036,66073.3388144738,103536.337578554,43066.8157832931,158846.002148395,"12",454,-82256.286618035,181.181248057346,NA,11
140,2006,1,62101.2381122036,"0000210",13.3059174297378,49696.5611594351,77602.2260915819,32500.5010249446,118661.671464961,"12",523.4,-61577.8381122036,117.649671593817,NA,12
154,2007,1,96880.0642993588,"0000210",13.2583855496208,77847.5870672214,120565.674701559,51310.9622928698,182918.940500014,"12",545.3,-96334.7642993588,176.663789289123,NA,12
168,2008,1,33956.2817274769,"0000210",19.5447730357109,26204.7651264965,44000.7404451,15991.7697676066,72101.4050046787,"12",576.9,-33379.3817274769,57.8599093906689,NA,14
182,2009,1,55142.1061935325,"0000210",20.8016341163821,42435.1112259084,71654.1511879523,25758.4660655209,118044.757312971,"12",1051,-54091.1061935325,51.4663236855685,NA,14
196,2010,1,54146.2119194522,"0000210",20.6165783332425,41976.4529880924,69844.2116121127,25839.9005421705,113460.663691082,"12",546.5,-53599.7119194522,98.0781553878357,NA,14
210,2011,1,72089.9900935125,"0000210",21.0079504774251,56048.4240492453,92722.7974709256,34692.2368059608,149802.006159193,"12",454.2,-71635.7900935125,157.71860434503,NA,14
224,2012,1,81386.7419844296,"0000210",20.8560696212097,63644.9630265689,104074.249647611,39832.6644096322,166290.703095381,"12",183.1,-81203.6419844296,443.493402427251,NA,14
238,2013,1,58480.8655953051,"0000210",21.453574239149,45780.4668839362,74704.6038094508,28709.4384730879,119124.99243,"12",335.1,-58145.7655953051,173.517653223829,NA,14
252,2014,1,68131.8940080392,"0000210",21.3344611019714,53589.1083862041,86621.2392949181,33911.4514261574,136884.585763915,"12",1316.5,-66815.3940080392,50.7522932077776,NA,14
266,2015,1,76743.4189142732,"0000210",21.1708196380409,60634.7152081233,97131.6897661062,38700.4006649894,152183.239590583,"12",268.9,-76474.5189142732,284.397615895401,NA,14
280,2016,1,124497.155090629,"0000210",22.8284521382437,97921.978548412,158284.604288273,61964.0640418161,250137.589671335,"12",247.7,-124249.455090629,501.612656805123,13113.3581960366,4
294,2017,1,94726.6320355327,"0000210",23.2628266745267,74614.3577862303,120260.162829562,47345.8543207541,189523.136619415,"12",291.8,-94434.8320355327,323.628622465842,16372.343191568,5
308,2018,1,69111.6677761315,"0000210",23.8047206871233,54485.313811349,87664.4051154105,34630.5180911718,137925.242995888,"12",182.8,-68928.8677761315,377.072580832229,18496.8014817563,8
322,2019,1,42045.9978625696,"0000210",25.4807086996433,33014.1351611624,53548.7580586062,20822.7865100555,84900.5456308879,"12",340.7,-41705.2978625696,122.410618909802,20509.3090101354,9
336,2020,1,34756.1056277792,"0000210",25.4917574528637,27375.9485538838,44125.8455768822,17370.2231701985,69543.5439471985,"12",387.7,-34368.4056277792,88.6469064425566,20783.3543034443,11
350,2021,1,65186.0141940046,"0000210",28.4013160588453,50895.8624032714,83488.44573715,31758.3105269372,133798.567241063,"12",841.3,-64344.7141940046,76.4824844811656,20166.458692679,11
364,2022,1,57757.6821161235,"0000210",28.3175686177324,45257.2498585551,73710.8386800612,28432.6807034675,117328.009912915,"12",696,-57061.6821161235,81.9851754542004,19892.0107785947,11
378,2023,1,77345.0195195972,"0000210",28.8000477008263,60676.0249870412,98593.3413694209,38204.2627404235,156585.983222158,"12",NA,NA,NA,19260.8200196952,9
6,1993,1,13634.1910481483,"0000200",Inf,10778.7653386579,17246.0536709814,6887.43629295358,26989.8925566237,"13",223.3,-13410.8910481483,60.057729727489,NA,6
13,1994,1,13727.1874836083,"0000200",16.1531675139218,11328.0335171856,16634.4560972793,7855.16578993044,23988.7586397843,"13",214.1,-13513.0874836083,63.1157752620659,NA,6
21,1995,1,13910.3940404742,"0000200",9.14745840752003,11764.3918290303,16447.8593686224,8548.32628118558,22635.9004086147,"13",139.4,-13770.9940404742,98.7876186547647,NA,7
30,1996,1,13655.2437549553,"0000200",6.12785795273132,11718.4563922666,15912.1368690079,8755.21485340619,21297.6706031038,"13",176.5,-13478.7437549553,76.3668201413898,NA,8
39,1997,1,13413.4514372444,"0000200",4.09251886420645,11623.549280837,15478.9793644131,8846.91161399921,20337.1173251704,"13",195.6,-13217.8514372444,67.575927593274,NA,8
48,1998,1,13886.8528078537,"0000200",3.78774081809644,11974.1392300715,16105.0975942128,9027.86159091946,21361.058647705,"13",228.3,-13658.5528078537,59.8272133502133,NA,8
57,1999,1,14059.0739189334,"0000200",2.28787014065027,12212.0136955239,16185.5009653716,9337.00750322767,21169.2621420414,"13",372.5,-13686.5739189334,36.7424803192843,NA,8
66,2000,1,1.03073158257297e-08,"0000200",4.58329862715062,8.76071380884672e-09,1.21269524207096e-08,6.42650857589903e-09,1.65316451812989e-08,"13",673.1,673.099999989693,0.999999999984687,NA,8
78,2001,1,14691.1055235209,"0000200",7.13607365487526,12486.7204229693,17284.6491466413,9159.75771312517,23562.695462344,"13",1478.7,-13212.4055235209,8.93514947150937,NA,11
90,2002,1,35180.1456354064,"0000210",11.5090758950063,28093.4668086759,44054.4648817137,18298.6381193436,67635.7791687286,"13",689.5,-34490.6456354064,50.0226912768766,NA,11
102,2003,1,16505.9635869433,"0000200",26.3355860031866,11630.8000950475,23424.5994864538,5968.44530218497,45647.873129332,"13",1009.9,-15496.0635869433,15.3441564382051,NA,11
114,2004,1,78719.5051301593,"0000210",15.766439808295,60997.8478879344,101589.821649477,37515.259713806,165179.730467299,"13",693.6,-78025.9051301593,112.494096208419,NA,11
127,2005,1,83073,"0000201",26.567057628597,56447.9785565452,122256.34124501,27028.7124519912,255325.640881262,"13",454,-82619,181.980176211454,NA,12
141,2006,1,65775,"0000201",27.4253501202309,45158.4608232874,95803.7662516828,22053.2661088906,196177.319206967,"13",523.4,-65251.6,124.668704623615,NA,13
155,2007,1,60272,"0000201",27.9955588283789,41899.2014944336,86701.2700583951,20953.3625586869,173371.408709479,"13",545.3,-59726.7,109.529983495324,NA,13
169,2008,1,77573,"0000201",29.3256587384289,54046.9853775932,111339.611024721,27143.7312086154,221692.820443566,"13",576.9,-76996.1,133.465245276478,7109.65681849245,3
183,2009,1,37035,"0000201",30.1897608367682,25983.5168723651,52786.9738241154,13223.9321145419,103720.377049706,"13",1051,-35984,34.2378686964795,7599.04025548571,4
197,2010,1,55533,"0000201",31.1576226159331,39162.9885638065,78745.6269833828,20128.2444955988,153213.26654564,"13",546.5,-54986.5,100.615736505032,7406.5208783818,3
211,2011,1,44856.628255851,"1010201",27.624852011004,34301.8291240376,58659.1779466821,20571.6106481764,97810.382127856,"13",454.2,-44402.428255851,97.7596394888838,7418.70833071692,3
225,2012,1,97081.5664488084,"1010201",29.5058530736054,73558.4286108569,128127.132704454,43348.0563200124,217422.217840094,"13",183.1,-96898.4664488084,529.210630523257,7561.32712636688,3
239,2013,1,80532,"0000201",33.4273755554629,57798.3927239614,112207.324777586,30716.6124342702,211136.662217488,"13",335.1,-80196.9,239.322291853178,10638.8918125668,3
253,2014,1,65446.675910156,"1010201",30.7241848616451,49736.8681806065,86118.5584129547,29477.0504540322,145308.547555275,"13",1316.5,-64130.175910156,48.7126288721276,11835.5256692532,7
267,2015,1,83601.0990220508,"1010201",30.6784715898753,63919.4869865928,109342.926346714,38322.3479008365,182377.754509717,"13",268.9,-83332.1990220508,309.900331060063,11915.3266596055,7
281,2016,1,97448.9261203078,"1010201",31.6705342097482,74478.9746352788,127503.006700941,44620.9380306679,212821.460532148,"13",247.7,-97201.2261203078,392.415123618522,13974.662200006,10
295,2017,1,111715.451898154,"0110201",33.6407317088167,85823.4658304349,145418.762480028,51924.563555268,240355.264219503,"13",291.8,-111423.651898154,381.849389644119,16531.1953609861,7
309,2018,1,70025.1674015666,"1010201",32.9473905441606,53692.1238825541,91326.6921670554,32365.5795567682,151504.287479753,"13",182.8,-69842.3674015666,382.069843553428,18743.373350101,10
323,2019,1,59406.3173723553,"1010201",34.5399113507415,45382.3805111297,77763.8921536854,27164.8504446829,129914.594999575,"13",340.7,-59065.6173723553,173.365475116981,21188.2112642025,12
337,2020,1,30028.6260052217,"1010201",36.1189984876901,22860.0215358453,39445.2112981412,13592.9037945193,66337.4355761313,"13",387.7,-29640.9260052217,76.4532525282995,21594.0204569263,13
351,2021,1,50113.0970589484,"1010201",39.480574267729,37692.3427789195,66626.8613646406,21902.9929367341,114656.590726822,"13",841.3,-49271.7970589484,58.5662629964916,20890.5076323719,14
365,2022,1,58344.67732195,"1010201",39.5011046823291,44100.8890708329,77188.9511418908,25869.2727680699,131588.599429208,"13",696,-57648.67732195,82.8285593706178,20449.8246881911,14
379,2023,1,57592.2868560436,"1010201",39.8997856080821,43637.8090437704,76009.1209433054,25716.1374281877,128980.159426009,"13",NA,NA,NA,20271.8151940264,14
7,1993,1,13713.9530417863,"0000200",-17.6653684104532,10170.7676042981,18491.4762925898,5753.84002909097,32686.4332483069,"14",223.3,-13490.6530417863,60.4149262955052,NA,7
14,1994,1,10377.4276699703,"1000200",-33.0705865697938,8015.31046518218,13435.6623506058,4899.39781974194,21980.457396525,"14",214.1,-10163.3276699703,47.4700031292401,NA,7
22,1995,1,14938.9484395132,"0000200",28.3894248561893,12486.0957666019,17873.6559970476,8871.02546668937,25157.4275506754,"14",139.4,-14799.5484395132,106.166057672261,NA,8
31,1996,1,14389.4702030994,"0000200",15.6345131060959,12211.4249986099,16955.9943044695,8931.42004825492,23182.9710849108,"14",176.5,-14212.9702030994,80.5267433603365,NA,9
40,1997,1,13276.6994038176,"0000200",10.841784556353,11380.4899306557,15488.8540065845,8484.06947517265,20776.6741626953,"14",195.6,-13081.0994038176,66.8767863180859,NA,9
49,1998,1,13791.3498272877,"0000200",9.26502644670125,11765.8054886697,16165.6021121367,8692.53808223402,21880.988988402,"14",228.3,-13563.0498272877,59.4088910525085,NA,9
58,1999,1,10563.6750297289,"0010200",3.97796380836498,9808.64461688754,11376.8246778552,8515.87405742183,13103.9079936207,"14",372.5,-10191.1750297289,27.3588591402118,NA,9
67,2000,1,14608.1161258338,"0000200",8.68897066424011,12313.3515609199,17330.5420291194,8890.54239625196,24002.7039110469,"14",673.1,-13935.0161258338,20.7027427214883,NA,9
79,2001,1,14540.3538359712,"0000200",10.1219496729177,12069.9471976013,17516.3889463625,8464.090147304,24978.6906797755,"14",1478.7,-13061.6538359712,8.83320067354514,NA,12
91,2002,1,54510.7276115476,"0000211",14.4978930632104,41297.7182801429,71951.1766868991,24331.2780321965,122123.442131087,"14",689.5,-53821.2276115476,78.0583431639559,NA,12
103,2003,1,84921.8677748626,"0000210",15.881755582618,65181.2044789109,110641.153136478,39368.2388567459,183186.340964183,"14",1009.9,-83911.9677748626,83.089382884308,NA,12
115,2004,1,79527.5608034797,"0000210",15.5903032554215,61730.1909985406,102456.072548045,38090.4637043824,166042.424068035,"14",693.6,-78833.9608034797,113.659113038466,NA,12
128,2005,1,71294.2089809663,"0000210",15.5227833474788,55755.6380687864,91163.2331774395,34898.772769349,145645.930526413,"14",454,-70840.2089809663,156.035702601247,NA,13
142,2006,1,58846.7388991966,"0000210",15.3596762566015,46354.494865106,74705.5639188292,29416.2893829822,117721.804881128,"14",523.4,-58323.3388991966,111.431675390135,NA,14
156,2007,1,77233.9777963273,"0000210",15.6130108506467,61033.2487492308,97735.0452169525,38968.0833219619,153076.231051932,"14",545.3,-76688.6777963273,140.635756090826,NA,14
170,2008,1,36437.5893853662,"0000210",19.5845807990937,28111.1066615319,47230.3682740962,17145.2150794848,77438.3939811413,"14",576.9,-35860.6893853662,62.1610147085564,7737.78789021413,4
184,2009,1,58275.6189988849,"0000210",20.6568169448065,44893.7171217505,75646.3930240665,27305.5275851943,124372.171865473,"14",1051,-57224.6189988849,54.447782111213,7749.42847963448,5
198,2010,1,52088.7053782721,"0000210",20.5017914927561,40412.403546186,67138.6255183653,24913.5319694242,108906.004628903,"14",546.5,-51542.2053782721,94.3132760810102,7795.94700618096,5
212,2011,1,73267.5529959165,"0000210",21.0404662533225,56952.2957108504,94256.6801742939,35237.9566143611,152339.546267041,"14",454.2,-72813.3529959165,160.311213112982,7716.92846223929,5
226,2012,1,80043.8012826984,"0000210",20.8598654592899,62593.3834914726,102359.223393907,39172.8663949895,163557.34755738,"14",183.1,-79860.7012826984,436.158936552149,8248.82492725693,5
240,2013,1,58582.6987923005,"0000210",21.3827941569515,45878.2356732649,74805.2436504077,28792.3367358648,119196.042657923,"14",335.1,-58247.5987923005,173.821542203224,10710.7059288173,5
254,2014,1,66352.3883120019,"0000210",21.2584494001174,52210.1312236741,84325.3853518444,33063.7976528222,133155.890951652,"14",1316.5,-65035.8883120019,49.4005987937728,11473.4569364888,4
268,2015,1,79551.1881779407,"0000210",21.160220478102,62856.3935784132,100680.15646853,40122.3748849189,157727.242185278,"14",268.9,-79282.2881779407,294.839301517072,11620.4018675125,4
282,2016,1,122361.817631752,"0000210",22.6019804175716,96346.9372653891,155401.041684433,61093.6034674875,245073.355709229,"14",247.7,-122114.117631752,492.991996898474,13447.9789261497,7
296,2017,1,95353.1406193038,"0000210",22.9938894539016,75200.3689058925,120906.606686238,47829.7932998405,190095.352680419,"14",291.8,-95061.3406193038,325.775670388293,16675.7042343159,9
310,2018,1,66046.1804923031,"0000210",23.5908460455966,52117.5498894423,83697.2951889574,33184.9746898224,131447.982057967,"14",182.8,-65863.3804923031,360.302956741264,18327.1530824782,7
324,2019,1,43028.2935307841,"0000210",24.9218311056966,33866.6533242716,54668.3496135247,21458.4727203896,86279.8610272066,"14",340.7,-42687.5935307841,125.2937878802,20175.2435748579,6
338,2020,1,33558.2486590112,"0000210",25.0201146589976,26483.5907142634,42522.7857208014,16866.0378811224,66770.634632601,"14",387.7,-33170.5486590112,85.5572573098045,20252.8080738028,7
352,2021,1,67216.7585488173,"0000210",28.2980880420405,52503.7536329954,86052.7546543007,32788.182795308,137796.371882389,"14",841.3,-66375.4585488173,78.89630161514,19782.9517718598,6
366,2022,1,55638.8813626444,"0000210",28.2805442740636,43603.3668588219,70996.4698210017,27401.2378667248,112976.104741812,"14",696,-54942.8813626444,78.9409214980523,19566.0492800265,5
380,2023,1,78748.4059541993,"0000210",28.9497116710508,61741.8648848042,100439.328353582,38833.2812535346,159690.637518892,"14",NA,NA,NA,19154.7503827414,5
